id	url	publishedAt	title	thumbnail
UKHK80py4qo	https://www.youtube.com/watch?v=UKHK80py4qo	2020-07-22T13:55:06Z	BORBA GATO: UM BANDEIRANTE MUITO CONCRETO - EDUARDO BUENO	https://i.ytimg.com/vi/UKHK80py4qo/mqdefault.jpg
_-wsVESlcZ0	https://www.youtube.com/watch?v=_-wsVESlcZ0	2020-07-19T14:00:07Z	MAMÔNICOS - EDUARDO BUENO	https://i.ytimg.com/vi/_-wsVESlcZ0/mqdefault.jpg
WMhZP5T-iDg	https://www.youtube.com/watch?v=WMhZP5T-iDg	2020-07-15T14:12:30Z	O TRÁFICO DE ESCRAVOS NA CONSTRUÇÃO DO BRASIL - EDUARDO BUENO	https://i.ytimg.com/vi/WMhZP5T-iDg/mqdefault.jpg
vcbTsbsgMyw	https://www.youtube.com/watch?v=vcbTsbsgMyw	2020-07-12T14:00:31Z	OS MEMBROS PERGUNTAM, O EDUARDO BUENO RESPONDE.	https://i.ytimg.com/vi/vcbTsbsgMyw/mqdefault.jpg
GiLXTd_kNYM	https://www.youtube.com/watch?v=GiLXTd_kNYM	2020-07-08T14:01:20Z	O CINEMA CONTA A HISTÓRIA DO BRASIL - EDUARDO BUENO	https://i.ytimg.com/vi/GiLXTd_kNYM/mqdefault.jpg
F0kmUGFHqFE	https://www.youtube.com/watch?v=F0kmUGFHqFE	2020-07-05T14:00:04Z	O SISTEMA EDUCACIONAL BRASILEIRO - EDUARDO BUENO	https://i.ytimg.com/vi/F0kmUGFHqFE/mqdefault.jpg
QY2qGDOGfjU	https://www.youtube.com/watch?v=QY2qGDOGfjU	2020-07-01T14:02:32Z	OURO MANCHADO DE SANGUE - EDUARDO BUENO	https://i.ytimg.com/vi/QY2qGDOGfjU/mqdefault.jpg
J3uMQGHRII0	https://www.youtube.com/watch?v=J3uMQGHRII0	2020-06-28T14:00:04Z	JOÃO É UMA ROSA! VIVA GUIMARÃES - EDUARDO BUENO	https://i.ytimg.com/vi/J3uMQGHRII0/mqdefault.jpg
4E4bCrjpMHE	https://www.youtube.com/watch?v=4E4bCrjpMHE	2020-06-24T13:40:37Z	DUARTE PACHECO PEREIRA. O NOBRE NAVEGANTE - EDUARDO BUENO	https://i.ytimg.com/vi/4E4bCrjpMHE/mqdefault.jpg
EmeI_Q6FqGM	https://www.youtube.com/watch?v=EmeI_Q6FqGM	2020-06-21T14:00:05Z	O PASSAMENTO DO ENGENHEIRO LEONEL - EDUARDO BUENO	https://i.ytimg.com/vi/EmeI_Q6FqGM/mqdefault.jpg
jCyNON5yjc0	https://www.youtube.com/watch?v=jCyNON5yjc0	2020-06-17T14:18:54Z	A HISTÓRIA DO BRASIL VAI AO CINEMA - EDUARDO BUENO	https://i.ytimg.com/vi/jCyNON5yjc0/mqdefault.jpg
qgnavwui-ws	https://www.youtube.com/watch?v=qgnavwui-ws	2020-06-14T14:00:13Z	DA SANTA CASA AO SUS - A HISTÓRIA DA SAÚDE PÚBLICA NO BRASIL - EDUARDO BUENO	https://i.ytimg.com/vi/qgnavwui-ws/mqdefault.jpg
L9h05UC8Zr8	https://www.youtube.com/watch?v=L9h05UC8Zr8	2020-06-10T13:55:12Z	LANGSDORFF CONHECEU O BRASIL E ENLOUQUECEU - EDUARDO BUENO	https://i.ytimg.com/vi/L9h05UC8Zr8/mqdefault.jpg
WrZV98TQG14	https://www.youtube.com/watch?v=WrZV98TQG14	2020-06-07T14:00:20Z	O RICO (E PROIBIDO) AMOR DE EUFRÁSIA E NABUCO - EDUARDO BUENO, LÍZIA BUENO	https://i.ytimg.com/vi/WrZV98TQG14/mqdefault.jpg
J_wWureNqZA	https://www.youtube.com/watch?v=J_wWureNqZA	2020-06-03T13:59:21Z	A ÚNICA RAINHA BRASILEIRA DA HISTÓRIA - EDUARDO BUENO	https://i.ytimg.com/vi/J_wWureNqZA/mqdefault.jpg
ytJXZtgdbMw	https://www.youtube.com/watch?v=ytJXZtgdbMw	2020-05-31T14:00:32Z	REMÉDIOS FALSOS ESTÃO PROIBIDOS - EDUARDO BUENO	https://i.ytimg.com/vi/ytJXZtgdbMw/mqdefault.jpg
ewtoGmwOYMQ	https://www.youtube.com/watch?v=ewtoGmwOYMQ	2020-05-30T14:00:25Z	FELIZ ANIVERSÁRIO EDUARDO BUENO!	https://i.ytimg.com/vi/ewtoGmwOYMQ/mqdefault.jpg
llVHeLXuDFY	https://www.youtube.com/watch?v=llVHeLXuDFY	2020-05-29T15:16:47Z	TUDO FICOU PROIBIDO, MENOS A MORTE - EDUARDO BUENO	https://i.ytimg.com/vi/llVHeLXuDFY/mqdefault.jpg
jsaVWzJsm4s	https://www.youtube.com/watch?v=jsaVWzJsm4s	2020-05-27T13:56:23Z	A INDÚSTRIA QUE MUDOU O MUNDO - EDUARDO BUENO	https://i.ytimg.com/vi/jsaVWzJsm4s/mqdefault.jpg
CkdH7u6Zs10	https://www.youtube.com/watch?v=CkdH7u6Zs10	2020-05-23T14:57:12Z	VÍRUS TRIBAL: A CONQUISTA MICROBIANA DO NOVO MUNDO - EDUARDO BUENO	https://i.ytimg.com/vi/CkdH7u6Zs10/mqdefault.jpg
9iZRQuijuIs	https://www.youtube.com/watch?v=9iZRQuijuIs	2020-05-24T14:00:05Z	A HISTÓRIA É TÃO VIVA QUE ELA VIVE ATÉ NA MORTE - EDUARDO BUENO	https://i.ytimg.com/vi/9iZRQuijuIs/mqdefault.jpg
DnH_ryUIoOo	https://www.youtube.com/watch?v=DnH_ryUIoOo	2020-05-20T14:04:30Z	O CORAÇÃO E O CÉREBRO DE SANTOS DUMONT - EDUARDO BUENO	https://i.ytimg.com/vi/DnH_ryUIoOo/mqdefault.jpg
91knC21qkWc	https://www.youtube.com/watch?v=91knC21qkWc	2020-05-17T14:00:05Z	CEMITÉRIO TAMBÉM É HISTÓRIA - EDUARDO BUENO	https://i.ytimg.com/vi/91knC21qkWc/mqdefault.jpg
8RIr_74MBeI	https://www.youtube.com/watch?v=8RIr_74MBeI	2020-05-15T15:32:34Z	BUENAS RESPOSTAS #1 - EDUARDO BUENO	https://i.ytimg.com/vi/8RIr_74MBeI/mqdefault.jpg
W8l9Rv5kTWs	https://www.youtube.com/watch?v=W8l9Rv5kTWs	2020-05-13T13:56:30Z	OSWALDO CRUZ MORREU! MAS ANTES... - EDUARDO BUENO	https://i.ytimg.com/vi/W8l9Rv5kTWs/mqdefault.jpg
g3oZ68Dr-ww	https://www.youtube.com/watch?v=g3oZ68Dr-ww	2020-05-10T14:00:28Z	O PRESIDENTE DECRETOU: É DIA DAS MÃES - EDUARDO BUENO	https://i.ytimg.com/vi/g3oZ68Dr-ww/mqdefault.jpg
JCSEuetRsHQ	https://www.youtube.com/watch?v=JCSEuetRsHQ	2020-05-08T16:31:00Z	ESPECIAL DE ANIVERSÁRIO! - EDUARDO BUENO	https://i.ytimg.com/vi/JCSEuetRsHQ/mqdefault.jpg
L1qRrjzBS3w	https://www.youtube.com/watch?v=L1qRrjzBS3w	2020-05-01T17:31:47Z	A HISTÓRIA DAS NOSSAS HEROÍNAS - EDUARDO BUENO	https://i.ytimg.com/vi/L1qRrjzBS3w/mqdefault.jpg
WgMwD8oyLJM	https://www.youtube.com/watch?v=WgMwD8oyLJM	2020-05-03T14:00:27Z	SE NÃO DIVULGAR, NÃO ACONTECEU - EDUARDO BUENO	https://i.ytimg.com/vi/WgMwD8oyLJM/mqdefault.jpg
5gQWo9_qddg	https://www.youtube.com/watch?v=5gQWo9_qddg	2020-05-06T13:59:49Z	A INFLAÇÃO E O BRASILEIRO - EDUARDO BUENO	https://i.ytimg.com/vi/5gQWo9_qddg/mqdefault.jpg
7vtETSQtVGI	https://www.youtube.com/watch?v=7vtETSQtVGI	2020-04-26T14:00:04Z	TEM QUE USAR MÁSCARA - EDUARDO BUENO	https://i.ytimg.com/vi/7vtETSQtVGI/mqdefault.jpg
oFQzrCp-Ztg	https://www.youtube.com/watch?v=oFQzrCp-Ztg	2020-04-29T14:24:09Z	PEDRO ÁLVARES CABRAL, DO ESQUECIMENTO AO DESCOBRIMENTO - EDUARDO BUENO	https://i.ytimg.com/vi/oFQzrCp-Ztg/mqdefault.jpg
QB3442_fue0	https://www.youtube.com/watch?v=QB3442_fue0	2020-04-22T14:07:11Z	O DESCOBRIMENTO DE PEDRO ÁLVARES CABRAL - EDUARDO BUENO	https://i.ytimg.com/vi/QB3442_fue0/mqdefault.jpg
xHcPHF_1tqU	https://www.youtube.com/watch?v=xHcPHF_1tqU	2020-04-19T14:00:21Z	O PRESIDENTE INFIEL - EDUARDO BUENO	https://i.ytimg.com/vi/xHcPHF_1tqU/mqdefault.jpg
Ny_95Ns3rSc	https://www.youtube.com/watch?v=Ny_95Ns3rSc	2020-04-15T14:00:04Z	O INÍCIO DA CRUZADA DE OSWALDO CRUZ - EDUARDO BUENO	https://i.ytimg.com/vi/Ny_95Ns3rSc/mqdefault.jpg
ceCCa2eg5MM	https://www.youtube.com/watch?v=ceCCa2eg5MM	2020-04-12T14:00:26Z	O PRESIDENTE DO SÍTIO - EDUARDO BUENO	https://i.ytimg.com/vi/ceCCa2eg5MM/mqdefault.jpg
sNbArNsXqbE	https://www.youtube.com/watch?v=sNbArNsXqbE	2020-04-07T16:00:56Z	O BRASIL DOENTE - EDUARDO BUENO	https://i.ytimg.com/vi/sNbArNsXqbE/mqdefault.jpg
kiCNq8uyTbk	https://www.youtube.com/watch?v=kiCNq8uyTbk	2020-04-05T14:00:30Z	O PRESIDENTE (AS)SUMIU - EDUARDO BUENO	https://i.ytimg.com/vi/kiCNq8uyTbk/mqdefault.jpg
Ulta1pNnmzs	https://www.youtube.com/watch?v=Ulta1pNnmzs	2020-04-01T14:01:11Z	GRIPE ESPANHOLA - A GRIPEZINHA QUE MATOU 20 MILHÕES - EDUARDO BUENO	https://i.ytimg.com/vi/Ulta1pNnmzs/mqdefault.jpg
rc5q9KZkMnw	https://www.youtube.com/watch?v=rc5q9KZkMnw	2020-03-29T14:00:30Z	O PRESIDENTE MORREU (DE NOVO) - EDUARDO BUENO	https://i.ytimg.com/vi/rc5q9KZkMnw/mqdefault.jpg
l73_9kk4J8k	https://www.youtube.com/watch?v=l73_9kk4J8k	2020-04-08T14:00:50Z	PINZÓN DESCOBRIU, MAS NÃO LEVOU - EDUARDO BUENO	https://i.ytimg.com/vi/l73_9kk4J8k/mqdefault.jpg
XiYNpckJWZM	https://www.youtube.com/watch?v=XiYNpckJWZM	2020-03-22T14:00:09Z	O PRESIDENTE MORREU - EDUARDO BUENO	https://i.ytimg.com/vi/XiYNpckJWZM/mqdefault.jpg
pS4tVd2ds3w	https://www.youtube.com/watch?v=pS4tVd2ds3w	2020-03-25T13:47:59Z	JUSCELINO KUBITSCHEK – O LEGADO E O GOVERNO JK - EDUARDO BUENO	https://i.ytimg.com/vi/pS4tVd2ds3w/mqdefault.jpg
K2YY8eggP3U	https://www.youtube.com/watch?v=K2YY8eggP3U	2020-03-18T13:37:32Z	O BRASIL APOSENTADO - EDUARDO BUENO	https://i.ytimg.com/vi/K2YY8eggP3U/mqdefault.jpg
wR2DCiC-lG4	https://www.youtube.com/watch?v=wR2DCiC-lG4	2020-03-15T14:05:06Z	MINHA MELHOR TRADUÇÃO - EDUARDO BUENO	https://i.ytimg.com/vi/wR2DCiC-lG4/mqdefault.jpg
EwvRZOtk2C4	https://www.youtube.com/watch?v=EwvRZOtk2C4	2020-03-11T14:00:06Z	SANTOS DUMONT: MISTÉRIOS DO PAI DA AVIAÇÃO - EDUARDO BUENO	https://i.ytimg.com/vi/EwvRZOtk2C4/mqdefault.jpg
vX4_RKzT6Q8	https://www.youtube.com/watch?v=vX4_RKzT6Q8	2020-03-08T14:00:16Z	O MUNDO É DAS MULHERES - EDUARDO BUENO	https://i.ytimg.com/vi/vX4_RKzT6Q8/mqdefault.jpg
BQsB72fTX4U	https://www.youtube.com/watch?v=BQsB72fTX4U	2020-03-01T14:00:02Z	MENTIRA TEM CÉREBRO CURTO - EDUARDO BUENO	https://i.ytimg.com/vi/BQsB72fTX4U/mqdefault.jpg
7TmV5KY-NUs	https://www.youtube.com/watch?v=7TmV5KY-NUs	2020-03-04T13:50:45Z	A LUTA ENTRE INGLATERRA E BRASIL PELO FIM DA ESCRAVIDÃO - EDUARDO BUENO	https://i.ytimg.com/vi/7TmV5KY-NUs/mqdefault.jpg
B6xTRcVA1w0	https://www.youtube.com/watch?v=B6xTRcVA1w0	2020-02-23T14:00:02Z	A HISTÓRIA DESFILA PELA SAPUCAÍ - EDUARDO BUENO	https://i.ytimg.com/vi/B6xTRcVA1w0/mqdefault.jpg
UKRxn65zzPM	https://www.youtube.com/watch?v=UKRxn65zzPM	2020-02-26T14:00:04Z	ANDRÉ REBOUÇAS: O ENGENHEIRO DA LIBERDADE  - EDUARDO BUENO	https://i.ytimg.com/vi/UKRxn65zzPM/mqdefault.jpg
WSPrp9_L5ZA	https://www.youtube.com/watch?v=WSPrp9_L5ZA	2020-02-19T14:05:30Z	GOITACÁS - A TRIBO INDÍGENA MAIS SELVAGEM DO BRASIL - EDUARDO BUENO	https://i.ytimg.com/vi/WSPrp9_L5ZA/mqdefault.jpg
ptS7WMLOCOc	https://www.youtube.com/watch?v=ptS7WMLOCOc	2020-02-16T14:00:08Z	O DIA DO PANGOLIM - EDUARDO BUENO	https://i.ytimg.com/vi/ptS7WMLOCOc/mqdefault.jpg
EuJMhBEyug0	https://www.youtube.com/watch?v=EuJMhBEyug0	2020-02-12T13:55:59Z	O VOO DO PEQUENO PRÍNCIPE PELO BRASIL - EDUARDO BUENO	https://i.ytimg.com/vi/EuJMhBEyug0/mqdefault.jpg
m5qLbOKF9uE	https://www.youtube.com/watch?v=m5qLbOKF9uE	2020-02-09T14:00:18Z	RIOS QUE PASSARAM EM NOSSAS VIDAS - EDUARDO BUENO	https://i.ytimg.com/vi/m5qLbOKF9uE/mqdefault.jpg
E5FeZOBctZw	https://www.youtube.com/watch?v=E5FeZOBctZw	2020-02-05T14:00:46Z	A HISTÓRIA DE JOÃO DE BARROS: O PAI DA GRAMÁTICA DA LÍNGUA PORTUGUESA - EDUARDO BUENO	https://i.ytimg.com/vi/E5FeZOBctZw/mqdefault.jpg
-aTBmEDujYo	https://www.youtube.com/watch?v=-aTBmEDujYo	2020-02-02T17:36:55Z	O BRASIL CRIACIONISTA - EDUARDO BUENO	https://i.ytimg.com/vi/-aTBmEDujYo/mqdefault.jpg
15ERwoOzPLk	https://www.youtube.com/watch?v=15ERwoOzPLk	2020-01-29T13:59:14Z	JUSCELINO KUBITSCHEK – O PRELÚDIO DO GOVERNO JK - EDUARDO BUENO	https://i.ytimg.com/vi/15ERwoOzPLk/mqdefault.jpg
6duM0EcqGsg	https://www.youtube.com/watch?v=6duM0EcqGsg	2020-01-26T14:00:00Z	TSUNAMI EM SÃO PAULO - EDUARDO BUENO	https://i.ytimg.com/vi/6duM0EcqGsg/mqdefault.jpg
Rekt7oazYNo	https://www.youtube.com/watch?v=Rekt7oazYNo	2020-01-22T13:50:22Z	O INACREDITÁVEL SENHOR RAPOSO TAVARES - EDUARDO BUENO	https://i.ytimg.com/vi/Rekt7oazYNo/mqdefault.jpg
JT45pyIF1is	https://www.youtube.com/watch?v=JT45pyIF1is	2020-01-19T14:00:02Z	AS VERTIGENS DO BRASIL NO OSCAR DA DEMOCRACIA - EDUARDO BUENO	https://i.ytimg.com/vi/JT45pyIF1is/mqdefault.jpg
P9d4rwMmoMA	https://www.youtube.com/watch?v=P9d4rwMmoMA	2020-01-15T14:07:38Z	JÁ ERA, VARGAS! AGORA É O GOVERNO DUTRA - EDUARDO BUENO	https://i.ytimg.com/vi/P9d4rwMmoMA/mqdefault.jpg
bBdUEqVj6X4	https://www.youtube.com/watch?v=bBdUEqVj6X4	2020-01-12T14:00:06Z	O "IMPRECIONANTE" RETORNO DO BRASIL: UMA HISTÓRIA - EDUARDO BUENO	https://i.ytimg.com/vi/bBdUEqVj6X4/mqdefault.jpg
14DpSqbKdx0	https://www.youtube.com/watch?v=14DpSqbKdx0	2020-01-08T14:00:46Z	FERNANDO DE NORONHA: O PRIMEIRO DONO DO BRASIL - EDUARDO BUENO	https://i.ytimg.com/vi/14DpSqbKdx0/mqdefault.jpg
T4d6hWmjweM	https://www.youtube.com/watch?v=T4d6hWmjweM	2020-01-01T13:50:40Z	PRÍNCIPE DE ASTÚRIAS: O MAIOR NAUFRÁGIO DO BRASIL - EDUARDO BUENO	https://i.ytimg.com/vi/T4d6hWmjweM/mqdefault.jpg
gAtFVQoFHCE	https://www.youtube.com/watch?v=gAtFVQoFHCE	2019-12-25T13:37:10Z	BISPO SARDINHA NA CEIA DOS ÍNDIOS CAETÉS - EDUARDO BUENO	https://i.ytimg.com/vi/gAtFVQoFHCE/mqdefault.jpg
nSvn9HyJ-Ew	https://www.youtube.com/watch?v=nSvn9HyJ-Ew	2020-01-05T14:00:10Z	AS LENDAS MACABRAS POR TRÁS DO NAUFRÁGIO DO TITANIC BRASILEIRO - EDUARDO BUENO	https://i.ytimg.com/vi/nSvn9HyJ-Ew/mqdefault.jpg
rajAgW4Q_r0	https://www.youtube.com/watch?v=rajAgW4Q_r0	2019-12-29T14:00:05Z	A ORIGEM DO ANO NOVO: POR QUE É COMEMORADO DIA 1º DE JANEIRO? - EDUARDO BUENO	https://i.ytimg.com/vi/rajAgW4Q_r0/mqdefault.jpg
3Lk1mxO1aaM	https://www.youtube.com/watch?v=3Lk1mxO1aaM	2019-12-22T14:00:00Z	A ORIGEM DO PAPAI NOEL E DO NATAL NO BRASIL - EDUARDO BUENO	https://i.ytimg.com/vi/3Lk1mxO1aaM/mqdefault.jpg
uJe4v9rXL2g	https://www.youtube.com/watch?v=uJe4v9rXL2g	2019-12-18T13:59:15Z	GASPAR DA GAMA: UM JUDEU NO DESCOBRIMENTO DO BRASIL - EDUARDO BUENO	https://i.ytimg.com/vi/uJe4v9rXL2g/mqdefault.jpg
byXyk87uNGM	https://www.youtube.com/watch?v=byXyk87uNGM	2019-12-15T14:00:05Z	O VERDADEIRO PADRE DO BALÃO: BARTOLOMEU GUSMÃO - EDUARDO BUENO	https://i.ytimg.com/vi/byXyk87uNGM/mqdefault.jpg
QRHq3PCI-UQ	https://www.youtube.com/watch?v=QRHq3PCI-UQ	2019-12-11T13:55:07Z	UM RASANTE PELA HISTÓRIA DE SANTOS DUMONT - EDUARDO BUENO	https://i.ytimg.com/vi/QRHq3PCI-UQ/mqdefault.jpg
dzMZfzdGBTY	https://www.youtube.com/watch?v=dzMZfzdGBTY	2019-12-08T14:00:07Z	OS AZARADOS SORTILÉGIOS DO PRESIDENTE DA FUNARTE - EDUARDO BUENO	https://i.ytimg.com/vi/dzMZfzdGBTY/mqdefault.jpg
OW0NEab-T1s	https://www.youtube.com/watch?v=OW0NEab-T1s	2019-12-04T13:59:59Z	A DUPLA TRAGÉDIA DE EUCLIDES DA CUNHA - EDUARDO BUENO	https://i.ytimg.com/vi/OW0NEab-T1s/mqdefault.jpg
-68JFjOrOdI	https://www.youtube.com/watch?v=-68JFjOrOdI	2019-12-01T14:00:00Z	O FANTASMA DO AI-5 - EDUARDO BUENO	https://i.ytimg.com/vi/-68JFjOrOdI/mqdefault.jpg
RODCkU5SzUY	https://www.youtube.com/watch?v=RODCkU5SzUY	2019-11-27T13:58:31Z	MARGARET MEE EM BUSCA DA FLOR DA LUA - EDUARDO BUENO	https://i.ytimg.com/vi/RODCkU5SzUY/mqdefault.jpg
XqcaZfxQ-4o	https://www.youtube.com/watch?v=XqcaZfxQ-4o	2019-11-24T14:00:10Z	O LEVANTE COMUNISTA QUE ASSOMBROU O BRASIL - EDUARDO BUENO	https://i.ytimg.com/vi/XqcaZfxQ-4o/mqdefault.jpg
Umm-fM-HTnI	https://www.youtube.com/watch?v=Umm-fM-HTnI	2019-11-20T13:55:38Z	NILO PEÇANHA, O PRIMEIRO PRESIDENTE NEGRO DO BRASIL - EDUARDO BUENO	https://i.ytimg.com/vi/Umm-fM-HTnI/mqdefault.jpg
HgQBZU9mi6s	https://www.youtube.com/watch?v=HgQBZU9mi6s	2019-11-17T17:29:42Z	O GOLPE MILITAR DE 15 DE NOVEMBRO DE 1889 - EDUARDO BUENO	https://i.ytimg.com/vi/HgQBZU9mi6s/mqdefault.jpg
Y0dZpuaEXAY	https://www.youtube.com/watch?v=Y0dZpuaEXAY	2019-11-13T13:59:45Z	A CONQUISTA DA AMAZÔNIA - EDUARDO BUENO	https://i.ytimg.com/vi/Y0dZpuaEXAY/mqdefault.jpg
RyQyTR8U8A0	https://www.youtube.com/watch?v=RyQyTR8U8A0	2019-11-10T14:00:02Z	DEMOCRATIZAÇÃO DO ACESSO AO CINEMA NO BRASIL: ENEM 2019 - EDUARDO BUENO	https://i.ytimg.com/vi/RyQyTR8U8A0/mqdefault.jpg
HzewttqI8ts	https://www.youtube.com/watch?v=HzewttqI8ts	2019-11-06T13:31:24Z	DARWIN E AS BORBOLETAS MUTANTES DA AMAZÔNIA - EDUARDO BUENO	https://i.ytimg.com/vi/HzewttqI8ts/mqdefault.jpg
yuJPJmqOi0c	https://www.youtube.com/watch?v=yuJPJmqOi0c	2019-11-03T14:00:15Z	PATRIOTISMO, O QUE É ISSO? - EDUARDO BUENO	https://i.ytimg.com/vi/yuJPJmqOi0c/mqdefault.jpg
2gGTquOUkOw	https://www.youtube.com/watch?v=2gGTquOUkOw	2019-10-30T13:57:58Z	ANHANGUERA, O DIABO BRASILEIRO - EDUARDO BUENO	https://i.ytimg.com/vi/2gGTquOUkOw/mqdefault.jpg
nxXOo1KveUI	https://www.youtube.com/watch?v=nxXOo1KveUI	2019-10-27T16:41:24Z	O QUE É E PARA QUE SERVE O NIÓBIO - EDUARDO BUENO	https://i.ytimg.com/vi/nxXOo1KveUI/mqdefault.jpg
C_FC8oQnIFQ	https://www.youtube.com/watch?v=C_FC8oQnIFQ	2019-10-23T13:57:50Z	LUND: O VERDADEIRO HOMEM DAS CAVERNAS - EDUARDO BUENO	https://i.ytimg.com/vi/C_FC8oQnIFQ/mqdefault.jpg
9xl13mBlZZ0	https://www.youtube.com/watch?v=9xl13mBlZZ0	2019-10-20T14:00:01Z	GOLPE MILITAR DE 1930 - EDUARDO BUENO	https://i.ytimg.com/vi/9xl13mBlZZ0/mqdefault.jpg
WwLpdSHSPz0	https://www.youtube.com/watch?v=WwLpdSHSPz0	2019-10-16T19:31:06Z	A PRODIGIOSA HISTÓRIA DO FUSCA NO BRASIL - EDUARDO BUENO	https://i.ytimg.com/vi/WwLpdSHSPz0/mqdefault.jpg
ruFWKYsZp0o	https://www.youtube.com/watch?v=ruFWKYsZp0o	2019-10-13T14:00:08Z	NAZISTAS NO BRASIL - EDUARDO BUENO	https://i.ytimg.com/vi/ruFWKYsZp0o/mqdefault.jpg
mHYOGn3hA_A	https://www.youtube.com/watch?v=mHYOGn3hA_A	2019-10-09T13:55:42Z	A GUERRA GUARANÍTICA - EDUARDO BUENO	https://i.ytimg.com/vi/mHYOGn3hA_A/mqdefault.jpg
ZvIsSArE8NY	https://www.youtube.com/watch?v=ZvIsSArE8NY	2019-10-06T14:15:00Z	A FASCINANTE HISTÓRIA DO VERDADEIRO THOR - EDUARDO BUENO	https://i.ytimg.com/vi/ZvIsSArE8NY/mqdefault.jpg
pOWs9tD2_KU	https://www.youtube.com/watch?v=pOWs9tD2_KU	2019-10-02T13:59:06Z	CRISTÓVÃO JACQUES E EXPEDIÇÕES GUARDA-COSTAS - EDUARDO BUENO	https://i.ytimg.com/vi/pOWs9tD2_KU/mqdefault.jpg
-kpXIzr9C5U	https://www.youtube.com/watch?v=-kpXIzr9C5U	2019-09-29T14:00:00Z	RAONI NA BOCA DO MUNDO - EDUARDO BUENO	https://i.ytimg.com/vi/-kpXIzr9C5U/mqdefault.jpg
d8eHfHT3clU	https://www.youtube.com/watch?v=d8eHfHT3clU	2019-09-25T14:00:41Z	A ERA RIO BRANCO - EDUARDO BUENO	https://i.ytimg.com/vi/d8eHfHT3clU/mqdefault.jpg
BVwJY3St6qU	https://www.youtube.com/watch?v=BVwJY3St6qU	2019-09-22T14:00:00Z	GUERRA AOS FARRAPOS - EDUARDO BUENO	https://i.ytimg.com/vi/BVwJY3St6qU/mqdefault.jpg
TLRbHJ-bc2U	https://www.youtube.com/watch?v=TLRbHJ-bc2U	2019-09-18T13:52:14Z	AS TORMENTAS DE BARTOLOMEU DIAS - EDUARDO BUENO	https://i.ytimg.com/vi/TLRbHJ-bc2U/mqdefault.jpg
xx7v6I8kRAA	https://www.youtube.com/watch?v=xx7v6I8kRAA	2019-09-15T14:00:08Z	MORTE OU INDEPENDÊNCIA - EDUARDO BUENO	https://i.ytimg.com/vi/xx7v6I8kRAA/mqdefault.jpg
pSd993URA6E	https://www.youtube.com/watch?v=pSd993URA6E	2019-09-11T14:02:20Z	OS SETE POVOS DAS MISSÕES ORIENTAIS - EDUARDO BUENO	https://i.ytimg.com/vi/pSd993URA6E/mqdefault.jpg
MAP_Y-WUYTM	https://www.youtube.com/watch?v=MAP_Y-WUYTM	2019-09-04T14:04:17Z	OS DIAS DE BARTOLOMEU - EDUARDO BUENO	https://i.ytimg.com/vi/MAP_Y-WUYTM/mqdefault.jpg
c9CS7IzClpo	https://www.youtube.com/watch?v=c9CS7IzClpo	2019-09-06T14:00:08Z	OS RATOS - EDUARDO BUENO	https://i.ytimg.com/vi/c9CS7IzClpo/mqdefault.jpg
rLwuwAukiV0	https://www.youtube.com/watch?v=rLwuwAukiV0	2019-09-01T14:00:08Z	AMAZÔNIA EM FLOR - EDUARDO BUENO	https://i.ytimg.com/vi/rLwuwAukiV0/mqdefault.jpg
TEsAOpIrIq4	https://www.youtube.com/watch?v=TEsAOpIrIq4	2019-08-28T13:54:24Z	LOTT, O MARECHAL GOLPISTA - EDUARDO BUENO	https://i.ytimg.com/vi/TEsAOpIrIq4/mqdefault.jpg
PQg3spWKwr0	https://www.youtube.com/watch?v=PQg3spWKwr0	2019-08-25T14:00:05Z	500 MIL SEGUIDORES! - EDUARDO BUENO	https://i.ytimg.com/vi/PQg3spWKwr0/mqdefault.jpg
PPFaCPLaml8	https://www.youtube.com/watch?v=PPFaCPLaml8	2019-08-21T13:55:59Z	OS RIOS DE SÃO PAULO - EDUARDO BUENO	https://i.ytimg.com/vi/PPFaCPLaml8/mqdefault.jpg
svuF4FW7M_c	https://www.youtube.com/watch?v=svuF4FW7M_c	2019-08-18T14:00:10Z	O COCO E O COCÔ - EDUARDO BUENO	https://i.ytimg.com/vi/svuF4FW7M_c/mqdefault.jpg
SR1ObjgVawU	https://www.youtube.com/watch?v=SR1ObjgVawU	2019-08-14T13:57:29Z	O PRESIDENTE DA GENTE (FINA) - EDUARDO BUENO	https://i.ytimg.com/vi/SR1ObjgVawU/mqdefault.jpg
tKlckEbFt3c	https://www.youtube.com/watch?v=tKlckEbFt3c	2019-08-11T14:00:07Z	INVENTANDO MODA - EDUARDO BUENO	https://i.ytimg.com/vi/tKlckEbFt3c/mqdefault.jpg
wvNPGKWnQr8	https://www.youtube.com/watch?v=wvNPGKWnQr8	2019-08-07T14:03:24Z	O MINISTRO SINISTRO - EDUARDO BUENO	https://i.ytimg.com/vi/wvNPGKWnQr8/mqdefault.jpg
r0rbdckl36U	https://www.youtube.com/watch?v=r0rbdckl36U	2019-08-04T14:00:11Z	A VERDADE É UMA COMISSÃO - EDUARDO BUENO	https://i.ytimg.com/vi/r0rbdckl36U/mqdefault.jpg
hsFEJPEtm8I	https://www.youtube.com/watch?v=hsFEJPEtm8I	2019-07-31T14:00:08Z	FERROVIA MADEIRA-MAMORÉ - EDUARDO BUENO	https://i.ytimg.com/vi/hsFEJPEtm8I/mqdefault.jpg
k7w3s9M0No4	https://www.youtube.com/watch?v=k7w3s9M0No4	2019-07-28T14:00:11Z	EMBAIXADOR DO BRASIL NOS EUA - EDUARDO BUENO	https://i.ytimg.com/vi/k7w3s9M0No4/mqdefault.jpg
hI2VF6_nvb8	https://www.youtube.com/watch?v=hI2VF6_nvb8	2019-07-24T14:01:12Z	RICHARD BURTON NO BRASIL - EDUARDO BUENO	https://i.ytimg.com/vi/hI2VF6_nvb8/mqdefault.jpg
6P3mCEmL-m4	https://www.youtube.com/watch?v=6P3mCEmL-m4	2019-07-21T14:00:00Z	MANGUEIRA NO MUSEU - EDUARDO BUENO	https://i.ytimg.com/vi/6P3mCEmL-m4/mqdefault.jpg
8mkXSo2W6jc	https://www.youtube.com/watch?v=8mkXSo2W6jc	2019-07-17T13:41:21Z	O TRAFICANTE DOS TRAFICANTES - EDUARDO BUENO	https://i.ytimg.com/vi/8mkXSo2W6jc/mqdefault.jpg
GrcL1rKX0fE	https://www.youtube.com/watch?v=GrcL1rKX0fE	2019-07-14T15:53:35Z	DEMOCRACIA EM VERTIGEM? - EDUARDO BUENO	https://i.ytimg.com/vi/GrcL1rKX0fE/mqdefault.jpg
6FcvQ7Pfigg	https://www.youtube.com/watch?v=6FcvQ7Pfigg	2019-07-10T13:58:43Z	O BRASIL DESFILA PELA PAULISTA - EDUARDO BUENO	https://i.ytimg.com/vi/6FcvQ7Pfigg/mqdefault.jpg
Bg6bJXaPVjk	https://www.youtube.com/watch?v=Bg6bJXaPVjk	2019-07-07T14:00:02Z	BRASIL RADIOATIVO - EDUARDO BUENO	https://i.ytimg.com/vi/Bg6bJXaPVjk/mqdefault.jpg
RAOXfbdAD1s	https://www.youtube.com/watch?v=RAOXfbdAD1s	2019-07-03T13:58:25Z	QUANDO O BRASIL ARRANHOU O CÉU - EDUARDO BUENO	https://i.ytimg.com/vi/RAOXfbdAD1s/mqdefault.jpg
x9Eigyq6k_0	https://www.youtube.com/watch?v=x9Eigyq6k_0	2019-06-30T14:00:09Z	HEROÍNAS INDÍGENAS DO BRASIL - EDUARDO BUENO	https://i.ytimg.com/vi/x9Eigyq6k_0/mqdefault.jpg
Pp5qbA3iY4Q	https://www.youtube.com/watch?v=Pp5qbA3iY4Q	2019-06-26T13:59:17Z	O BRASILEIRO DEGREDADO - EDUARDO BUENO	https://i.ytimg.com/vi/Pp5qbA3iY4Q/mqdefault.jpg
yZ2I_hjEDu0	https://www.youtube.com/watch?v=yZ2I_hjEDu0	2019-06-19T14:41:20Z	CARVALHINHO, O PRIMEIRO BRASILEIRO - EDUARDO BUENO	https://i.ytimg.com/vi/yZ2I_hjEDu0/mqdefault.jpg
s6z36tg8oao	https://www.youtube.com/watch?v=s6z36tg8oao	2019-06-23T14:00:10Z	EDUARDO NA CÂMARA - EDUARDO BUENO	https://i.ytimg.com/vi/s6z36tg8oao/mqdefault.jpg
37jLP6SVZH0	https://www.youtube.com/watch?v=37jLP6SVZH0	2019-06-16T14:00:01Z	HERÓIS INDÍGENAS DO BRASIL- EDUARDO BUENO	https://i.ytimg.com/vi/37jLP6SVZH0/mqdefault.jpg
12IDDwuIYkQ	https://www.youtube.com/watch?v=12IDDwuIYkQ	2019-06-12T13:57:46Z	O AMOR DE TARSILA DO AMARAL E OSWALD DE ANDRADE - EDUARDO BUENO	https://i.ytimg.com/vi/12IDDwuIYkQ/mqdefault.jpg
X1rUsE0__Fg	https://www.youtube.com/watch?v=X1rUsE0__Fg	2019-06-09T14:00:04Z	PAGU, A MUSA MODERNISTA - EDUARDO BUENO	https://i.ytimg.com/vi/X1rUsE0__Fg/mqdefault.jpg
ciQTvv7-Tbg	https://www.youtube.com/watch?v=ciQTvv7-Tbg	2019-06-05T13:59:42Z	O BANQUETE ANTROPOFÁGICO - EDUARDO BUENO	https://i.ytimg.com/vi/ciQTvv7-Tbg/mqdefault.jpg
6RCDcdpLfMQ	https://www.youtube.com/watch?v=6RCDcdpLfMQ	2019-06-02T14:00:00Z	OS PRIMÓRDIOS DA GLOBALIZAÇÃO - EDUARDO BUENO	https://i.ytimg.com/vi/6RCDcdpLfMQ/mqdefault.jpg
Qoh8rXW4Kxg	https://www.youtube.com/watch?v=Qoh8rXW4Kxg	2019-05-29T13:59:36Z	ALEXANDRE RODRIGUES FERREIRA, O GRANDE CIENTISTA BRASILEIRO - EDUARDO BUENO	https://i.ytimg.com/vi/Qoh8rXW4Kxg/mqdefault.jpg
wexLdMB0aL8	https://www.youtube.com/watch?v=wexLdMB0aL8	2019-05-26T14:00:08Z	#JUNTOSESHALLOWNOW: A PROFUNDIDADE DA LÍNGUA PORTUGUESA - EDUARDO BUENO	https://i.ytimg.com/vi/wexLdMB0aL8/mqdefault.jpg
J5tbQ6KC1z0	https://www.youtube.com/watch?v=J5tbQ6KC1z0	2019-05-22T14:03:34Z	BAÚ DO BRIZOLA: O COMEÇO, O FIM E O MEIO - EDUARDO BUENO	https://i.ytimg.com/vi/J5tbQ6KC1z0/mqdefault.jpg
vqUklpmKSiA	https://www.youtube.com/watch?v=vqUklpmKSiA	2019-05-15T14:04:21Z	A GUERRA DE IGUAPE - EDUARDO BUENO	https://i.ytimg.com/vi/vqUklpmKSiA/mqdefault.jpg
sGBvSKmweMM	https://www.youtube.com/watch?v=sGBvSKmweMM	2019-05-12T20:01:15Z	IDADE DA PEDRA - EDUARDO BUENO	https://i.ytimg.com/vi/sGBvSKmweMM/mqdefault.jpg
Jzjcn_ZuGnQ	https://www.youtube.com/watch?v=Jzjcn_ZuGnQ	2019-05-08T14:25:14Z	MAZAGÃO, A CIDADE TRANSPLANTADA - EDUARDO BUENO	https://i.ytimg.com/vi/Jzjcn_ZuGnQ/mqdefault.jpg
IAb7zFecdzw	https://www.youtube.com/watch?v=IAb7zFecdzw	2019-05-05T14:16:43Z	CAIXA ECONOMICA FEDERAL - A HISTÓRIA QUE VOCÊ NÃO CONHECE E NEM VAI - EDUARDO BUENO	https://i.ytimg.com/vi/IAb7zFecdzw/mqdefault.jpg
QNYe8cKrG0I	https://www.youtube.com/watch?v=QNYe8cKrG0I	2019-05-01T13:59:51Z	BRIZOLA: A GÊNESE DE UM CAUDILHO - EDUARDO BUENO	https://i.ytimg.com/vi/QNYe8cKrG0I/mqdefault.jpg
lbvypvomLYU	https://www.youtube.com/watch?v=lbvypvomLYU	2019-04-28T14:00:08Z	VERÃO DA LATA: BASEADO EM FATOS REAIS - EDUARDO BUENO	https://i.ytimg.com/vi/lbvypvomLYU/mqdefault.jpg
JyEyYboEfjs	https://www.youtube.com/watch?v=JyEyYboEfjs	2019-04-24T14:01:47Z	HANS STADEN - O LIVRO MAIS SABOROSO DO BRASIL - EDUARDO BUENO	https://i.ytimg.com/vi/JyEyYboEfjs/mqdefault.jpg
A1PIWBYL2TA	https://www.youtube.com/watch?v=A1PIWBYL2TA	2019-04-21T13:56:39Z	BARRA DA TIJUCA - EDUARDO BUENO	https://i.ytimg.com/vi/A1PIWBYL2TA/mqdefault.jpg
AbJZIHyTKRg	https://www.youtube.com/watch?v=AbJZIHyTKRg	2019-04-14T14:21:32Z	MARCHA CONTRA A GUITARRA ELÉTRICA - EDUARDO BUENO	https://i.ytimg.com/vi/AbJZIHyTKRg/mqdefault.jpg
eM3XZrD6Qwo	https://www.youtube.com/watch?v=eM3XZrD6Qwo	2019-04-10T13:59:25Z	A QUEDA DO PALÁCIO MONROE - EDUARDO BUENO	https://i.ytimg.com/vi/eM3XZrD6Qwo/mqdefault.jpg
__OkSdycHms	https://www.youtube.com/watch?v=__OkSdycHms	2019-04-17T14:30:24Z	O GOSTOSO HANS STADEN - EDUARDO BUENO	https://i.ytimg.com/vi/__OkSdycHms/mqdefault.jpg
e1EAiRVBfZk	https://www.youtube.com/watch?v=e1EAiRVBfZk	2019-04-07T14:00:05Z	DONA BRITES - EDUARDO BUENO	https://i.ytimg.com/vi/e1EAiRVBfZk/mqdefault.jpg
Ca6q3TSOEyI	https://www.youtube.com/watch?v=Ca6q3TSOEyI	2019-04-03T14:01:03Z	A DEVASTAÇÃO DAS MISSÕES - EDUARDO BUENO	https://i.ytimg.com/vi/Ca6q3TSOEyI/mqdefault.jpg
vbou_o8QPtM	https://www.youtube.com/watch?v=vbou_o8QPtM	2019-03-31T15:23:18Z	IMIGRANTE - EDUARDO BUENO	https://i.ytimg.com/vi/vbou_o8QPtM/mqdefault.jpg
jSJ_VWKs2Uw	https://www.youtube.com/watch?v=jSJ_VWKs2Uw	2019-03-27T14:09:22Z	A CRIAÇÃO DAS MISSÕES - EDUARDO BUENO	https://i.ytimg.com/vi/jSJ_VWKs2Uw/mqdefault.jpg
u108z5hQgyw	https://www.youtube.com/watch?v=u108z5hQgyw	2019-03-24T19:04:01Z	ENÉAS - EDUARDO BUENO	https://i.ytimg.com/vi/u108z5hQgyw/mqdefault.jpg
KmYr1xBcoBw	https://www.youtube.com/watch?v=KmYr1xBcoBw	2019-03-17T14:00:01Z	GUERRA DA LAGOSTA - EDUARDO BUENO	https://i.ytimg.com/vi/KmYr1xBcoBw/mqdefault.jpg
yOG6-mpSw3c	https://www.youtube.com/watch?v=yOG6-mpSw3c	2019-03-14T14:46:46Z	AVISO IMPORTANTE - NÃO VAI CAIR NO ENEM EM PORTO ALEGRE	https://i.ytimg.com/vi/yOG6-mpSw3c/mqdefault.jpg
Fa9mTLGCjng	https://www.youtube.com/watch?v=Fa9mTLGCjng	2019-03-20T14:00:01Z	DIRETAS JÁ! - EDUARDO BUENO	https://i.ytimg.com/vi/Fa9mTLGCjng/mqdefault.jpg
jY7ZtMwdinc	https://www.youtube.com/watch?v=jY7ZtMwdinc	2019-03-13T14:00:02Z	O CABELO NA HISTÓRIA - EDUARDO BUENO	https://i.ytimg.com/vi/jY7ZtMwdinc/mqdefault.jpg
_u-td-rYCaE	https://www.youtube.com/watch?v=_u-td-rYCaE	2019-03-10T14:37:13Z	JARBAS PASSARINHO - EDUARDO BUENO	https://i.ytimg.com/vi/_u-td-rYCaE/mqdefault.jpg
1dSqKYH5qqs	https://www.youtube.com/watch?v=1dSqKYH5qqs	2019-03-06T18:40:12Z	TANCREDO NEVES. O PRESIDENTE QUE NÃO FOI - EDUARDO BUENO	https://i.ytimg.com/vi/1dSqKYH5qqs/mqdefault.jpg
LNaXodgPiCY	https://www.youtube.com/watch?v=LNaXodgPiCY	2019-03-03T15:43:24Z	A ORIGEM DO CARNAVAL NO BRASIL - EDUARDO BUENO	https://i.ytimg.com/vi/LNaXodgPiCY/mqdefault.jpg
JctlAr3BKK8	https://www.youtube.com/watch?v=JctlAr3BKK8	2019-02-27T14:01:41Z	CORONEL FAWCETT, O VERDADEIRO INDIANA JONES - EDUARDO BUENO	https://i.ytimg.com/vi/JctlAr3BKK8/mqdefault.jpg
ZxkXrwvEyC0	https://www.youtube.com/watch?v=ZxkXrwvEyC0	2019-02-25T13:33:29Z	FRASES DO FIGUEIREDO - EDUARDO BUENO	https://i.ytimg.com/vi/ZxkXrwvEyC0/mqdefault.jpg
1Ztp9YdYhn0	https://www.youtube.com/watch?v=1Ztp9YdYhn0	2019-02-20T14:03:24Z	XICA DA SILVA - EDUARDO BUENO	https://i.ytimg.com/vi/1Ztp9YdYhn0/mqdefault.jpg
Lhj1682jOb0	https://www.youtube.com/watch?v=Lhj1682jOb0	2019-02-17T14:20:36Z	VAI CAIR NO ENEM - EDUARDO BUENO	https://i.ytimg.com/vi/Lhj1682jOb0/mqdefault.jpg
3eRYXtiXOR0	https://www.youtube.com/watch?v=3eRYXtiXOR0	2019-02-13T13:44:19Z	ÍNDIOS DO SUL - EDUARDO BUENO	https://i.ytimg.com/vi/3eRYXtiXOR0/mqdefault.jpg
ofmZN_9WLuA	https://www.youtube.com/watch?v=ofmZN_9WLuA	2019-02-06T15:57:41Z	JOSÉ SARNEY, O REI DO MARANHÃO  - EDUARDO BUENO	https://i.ytimg.com/vi/ofmZN_9WLuA/mqdefault.jpg
K58nmpyW35k	https://www.youtube.com/watch?v=K58nmpyW35k	2019-02-02T14:01:04Z	IEMANJÁ - EDUARDO BUENO	https://i.ytimg.com/vi/K58nmpyW35k/mqdefault.jpg
mYP_r7sCfSY	https://www.youtube.com/watch?v=mYP_r7sCfSY	2019-01-30T13:00:10Z	O GUARANI - EDUARDO BUENO	https://i.ytimg.com/vi/mYP_r7sCfSY/mqdefault.jpg
ecuULzAKrf4	https://www.youtube.com/watch?v=ecuULzAKrf4	2019-02-10T12:59:04Z	DARWIN NO BRASIL - EDUARDO BUENO	https://i.ytimg.com/vi/ecuULzAKrf4/mqdefault.jpg
Q3CFOB6eIEw	https://www.youtube.com/watch?v=Q3CFOB6eIEw	2019-01-24T13:13:30Z	HOJE! NÃO VAI CAIR NO ENEM, UMA PEÇA	https://i.ytimg.com/vi/Q3CFOB6eIEw/mqdefault.jpg
1zj3Pb0gDO8	https://www.youtube.com/watch?v=1zj3Pb0gDO8	2019-01-23T13:42:53Z	O SEQUESTRO DO RIO DE JANEIRO - EDUARDO BUENO	https://i.ytimg.com/vi/1zj3Pb0gDO8/mqdefault.jpg
tc38jMyqFvs	https://www.youtube.com/watch?v=tc38jMyqFvs	2019-01-20T13:23:51Z	MANÉ GARRINCHA: O ANJO TORTO - EDUARDO BUENO	https://i.ytimg.com/vi/tc38jMyqFvs/mqdefault.jpg
j6ekyL_QHe4	https://www.youtube.com/watch?v=j6ekyL_QHe4	2019-01-15T14:22:44Z	HOMEM DE MALUCO	https://i.ytimg.com/vi/j6ekyL_QHe4/mqdefault.jpg
IfcWE0Q3cDo	https://www.youtube.com/watch?v=IfcWE0Q3cDo	2019-01-16T13:00:34Z	MALUCO NO PODER - EDUARDO BUENO	https://i.ytimg.com/vi/IfcWE0Q3cDo/mqdefault.jpg
6diuuRicHaE	https://www.youtube.com/watch?v=6diuuRicHaE	2019-01-14T13:14:21Z	Não Vai Cair no ENEM, Uma Peça	https://i.ytimg.com/vi/6diuuRicHaE/mqdefault.jpg
J6cL6PiC4KY	https://www.youtube.com/watch?v=J6cL6PiC4KY	2019-01-08T16:48:30Z	AMANHÃ O NÃO VAI CAIR NO ENEM FALARÁ SOBRE O DIA DO FICO	https://i.ytimg.com/vi/J6cL6PiC4KY/mqdefault.jpg
0UDda59E910	https://www.youtube.com/watch?v=0UDda59E910	2019-01-11T13:09:26Z	ELIS REGINA - EDUARDO BUENO	https://i.ytimg.com/vi/0UDda59E910/mqdefault.jpg
Os26C5sSWgg	https://www.youtube.com/watch?v=Os26C5sSWgg	2019-01-09T12:59:18Z	O DIA DO FICO - EDUARDO BUENO	https://i.ytimg.com/vi/Os26C5sSWgg/mqdefault.jpg
rvtLOX4pYfI	https://www.youtube.com/watch?v=rvtLOX4pYfI	2019-01-06T13:00:14Z	ANGRA DOS REIS - EDUARDO BUENO	https://i.ytimg.com/vi/rvtLOX4pYfI/mqdefault.jpg
JK9P25MoDtg	https://www.youtube.com/watch?v=JK9P25MoDtg	2019-01-02T13:17:18Z	A VIAGEM DE SACADURA CABRAL E GAGO COUTINHO - EDUARDO BUENO	https://i.ytimg.com/vi/JK9P25MoDtg/mqdefault.jpg
6Dv8TTKf7J8	https://www.youtube.com/watch?v=6Dv8TTKf7J8	2018-12-31T13:00:00Z	BATEAU MOUCHE: 30 ANO APÓS A TRAGÉDIA - EDUARDO BUENO	https://i.ytimg.com/vi/6Dv8TTKf7J8/mqdefault.jpg
MuO1Wuy3fMU	https://www.youtube.com/watch?v=MuO1Wuy3fMU	2018-12-23T13:00:02Z	CARMEN MIRANDA - EDUARDO BUENO	https://i.ytimg.com/vi/MuO1Wuy3fMU/mqdefault.jpg
UyWMeb6atmA	https://www.youtube.com/watch?v=UyWMeb6atmA	2018-12-17T20:00:02Z	POR QUE "ESCRAVIZADOS" FAZ MAIS SENTIDO DO QUE ESCRAVOS?	https://i.ytimg.com/vi/UyWMeb6atmA/mqdefault.jpg
LMoCSxTjJGc	https://www.youtube.com/watch?v=LMoCSxTjJGc	2018-12-19T13:01:56Z	A REVOLTA DOS MALÊS - EDUARDO BUENO	https://i.ytimg.com/vi/LMoCSxTjJGc/mqdefault.jpg
BdJrNfK78K4	https://www.youtube.com/watch?v=BdJrNfK78K4	2018-12-16T13:00:01Z	O ROUBO DA TAÇA JULES RIMET - EDUARDO BUENO	https://i.ytimg.com/vi/BdJrNfK78K4/mqdefault.jpg
KzMtZ9msp2g	https://www.youtube.com/watch?v=KzMtZ9msp2g	2018-12-11T19:55:22Z	O PODER DA ESCRITA - EDUARDO BUENO	https://i.ytimg.com/vi/KzMtZ9msp2g/mqdefault.jpg
Na5rqdPpRks	https://www.youtube.com/watch?v=Na5rqdPpRks	2018-12-12T13:00:07Z	CARAMURU E PARAGUAÇU - EDUARDO BUENO	https://i.ytimg.com/vi/Na5rqdPpRks/mqdefault.jpg
Xmz-BnfhSEU	https://www.youtube.com/watch?v=Xmz-BnfhSEU	2018-12-10T16:29:18Z	JÁ SABE QUAL SERÁ O TEMA DESTA SEMANA? - EDUARDO BUENO	https://i.ytimg.com/vi/Xmz-BnfhSEU/mqdefault.jpg
aXqqIJeNUDc	https://www.youtube.com/watch?v=aXqqIJeNUDc	2018-12-04T14:57:38Z	BRASIL ESPANHOL SERÁ O TEMA DO NÃO VAI CAIR NO ENEM	https://i.ytimg.com/vi/aXqqIJeNUDc/mqdefault.jpg
pmvlyMhz4-k	https://www.youtube.com/watch?v=pmvlyMhz4-k	2018-12-05T13:00:06Z	O BRASIL ESPANHOL - EDUARDO BUENO	https://i.ytimg.com/vi/pmvlyMhz4-k/mqdefault.jpg
Uw_sdDqfBJg	https://www.youtube.com/watch?v=Uw_sdDqfBJg	2018-12-02T13:00:07Z	LIVROS INDICADOS POR  EDUARDO BUENO	https://i.ytimg.com/vi/Uw_sdDqfBJg/mqdefault.jpg
PX5DBCA43-g	https://www.youtube.com/watch?v=PX5DBCA43-g	2018-12-07T00:00:02Z	NAO VAI CAIR NO ENEM, UMA PEÇA	https://i.ytimg.com/vi/PX5DBCA43-g/mqdefault.jpg
j9eZysLokw0	https://www.youtube.com/watch?v=j9eZysLokw0	2018-11-28T13:00:04Z	JOSÉ BONIFÁCIO, O REI DO BRASIL  - EDUARDO BUENO	https://i.ytimg.com/vi/j9eZysLokw0/mqdefault.jpg
cSEO66g4SQo	https://www.youtube.com/watch?v=cSEO66g4SQo	2018-11-23T21:43:33Z	AVENIDA PAULISTA - EDUARDO BUENO	https://i.ytimg.com/vi/cSEO66g4SQo/mqdefault.jpg
__md2o_Po9M	https://www.youtube.com/watch?v=__md2o_Po9M	2018-11-21T13:00:04Z	CABEZA DE VACA - EDUARDO BUENO	https://i.ytimg.com/vi/__md2o_Po9M/mqdefault.jpg
qbb-ROn9MwA	https://www.youtube.com/watch?v=qbb-ROn9MwA	2018-11-16T13:00:07Z	CONSCIÊNCIA NEGRA- EDUARDO BUENO	https://i.ytimg.com/vi/qbb-ROn9MwA/mqdefault.jpg
DfIwujNDRZQ	https://www.youtube.com/watch?v=DfIwujNDRZQ	2018-11-14T13:00:02Z	A HISTÓRIA DO ALEIJADINHO - EDUARDO BUENO	https://i.ytimg.com/vi/DfIwujNDRZQ/mqdefault.jpg
7672NlnsGqY	https://www.youtube.com/watch?v=7672NlnsGqY	2018-11-09T16:53:26Z	COMO ERA GOSTOSO O MEU FRANCÊS - EDUARDO BUENO	https://i.ytimg.com/vi/7672NlnsGqY/mqdefault.jpg
yWPlkm6MzCU	https://www.youtube.com/watch?v=yWPlkm6MzCU	2018-11-07T15:12:50Z	O GOVERNO DE ITAMAR FRANCO - EDUARDO BUENO	https://i.ytimg.com/vi/yWPlkm6MzCU/mqdefault.jpg
gsWGu7J1yS0	https://www.youtube.com/watch?v=gsWGu7J1yS0	2018-11-02T14:00:06Z	OS ÍNDIOS DO SUL - EDUARDO BUENO	https://i.ytimg.com/vi/gsWGu7J1yS0/mqdefault.jpg
6qyzA5tMmvc	https://www.youtube.com/watch?v=6qyzA5tMmvc	2018-10-31T14:08:45Z	D. MARIA. A RAINHA LOUCA - EDUARDO BUENO	https://i.ytimg.com/vi/6qyzA5tMmvc/mqdefault.jpg
QS9Uji2cmLA	https://www.youtube.com/watch?v=QS9Uji2cmLA	2018-10-26T14:00:04Z	QUEM MATOU MARIELLE? - EDUARDO BUENO	https://i.ytimg.com/vi/QS9Uji2cmLA/mqdefault.jpg
MVEyKUPMLUU	https://www.youtube.com/watch?v=MVEyKUPMLUU	2018-10-24T14:12:17Z	FERNANDO COLLOR REDUZ O BRASIL A PÓ (Parte 2) - EDUARDO BUENO	https://i.ytimg.com/vi/MVEyKUPMLUU/mqdefault.jpg
FfGItrebDrI	https://www.youtube.com/watch?v=FfGItrebDrI	2018-10-17T14:01:42Z	SILVA JARDIM E JOSÉ DO PATROCÍNIO - EDUARDO BUENO	https://i.ytimg.com/vi/FfGItrebDrI/mqdefault.jpg
-fGo2vEbvPk	https://www.youtube.com/watch?v=-fGo2vEbvPk	2018-10-12T14:00:00Z	AS PRIMEIRAS ELEIÇÕES - EDUARDO BUENO	https://i.ytimg.com/vi/-fGo2vEbvPk/mqdefault.jpg
W8K3AS4f9VY	https://www.youtube.com/watch?v=W8K3AS4f9VY	2018-10-10T18:04:18Z	ANITA E GARIBALDI (Parte 2) EDUARDO BUENO	https://i.ytimg.com/vi/W8K3AS4f9VY/mqdefault.jpg
N6sZFCVZYM4	https://www.youtube.com/watch?v=N6sZFCVZYM4	2018-10-03T14:00:03Z	FERNANDO COLLOR REDUZ O BRASIL A PÓ - EDUARDO BUENO	https://i.ytimg.com/vi/N6sZFCVZYM4/mqdefault.jpg
YIq4LZ00ok0	https://www.youtube.com/watch?v=YIq4LZ00ok0	2018-10-05T14:00:07Z	A TRILHA SONORA DA HISTÓRIA - EDUARDO BUENO	https://i.ytimg.com/vi/YIq4LZ00ok0/mqdefault.jpg
zfMQ2oRRzSY	https://www.youtube.com/watch?v=zfMQ2oRRzSY	2018-09-28T15:42:26Z	CABELUDO DE SABER - EDUARDO BUENO	https://i.ytimg.com/vi/zfMQ2oRRzSY/mqdefault.jpg
nHmfS3G-E40	https://www.youtube.com/watch?v=nHmfS3G-E40	2018-09-26T14:00:06Z	O BRASIL NA SEGUNDA GUERRA MUNDIAL parte 2 - EDUARDO BUENO	https://i.ytimg.com/vi/nHmfS3G-E40/mqdefault.jpg
zTRIGRsME0k	https://www.youtube.com/watch?v=zTRIGRsME0k	2018-09-21T18:44:11Z	LUZIA - EDUARDO BUENO	https://i.ytimg.com/vi/zTRIGRsME0k/mqdefault.jpg
k_hzR6sprJU	https://www.youtube.com/watch?v=k_hzR6sprJU	2018-09-19T14:00:04Z	ANITA E GARIBALDI - EDUARDO BUENO	https://i.ytimg.com/vi/k_hzR6sprJU/mqdefault.jpg
MdRVGMIjsSM	https://www.youtube.com/watch?v=MdRVGMIjsSM	2018-09-14T21:35:22Z	FACADA - EDUARDO BUENO	https://i.ytimg.com/vi/MdRVGMIjsSM/mqdefault.jpg
FFHUPZBXk8E	https://www.youtube.com/watch?v=FFHUPZBXk8E	2018-09-12T14:00:02Z	O BRASIL NA SEGUNDA GUERRA MUNDIAL - EDUARDO BUENO	https://i.ytimg.com/vi/FFHUPZBXk8E/mqdefault.jpg
IVGWU9RYZGc	https://www.youtube.com/watch?v=IVGWU9RYZGc	2018-09-07T23:55:40Z	PERO VAZ DE CAMINHA - EDUARDO BUENO	https://i.ytimg.com/vi/IVGWU9RYZGc/mqdefault.jpg
mc7PBWr1RUw	https://www.youtube.com/watch?v=mc7PBWr1RUw	2018-09-05T14:00:04Z	PIRATAS EM SANTA CATARINA – EDUARDO BUENO	https://i.ytimg.com/vi/mc7PBWr1RUw/mqdefault.jpg
SiO4FzsD0Ss	https://www.youtube.com/watch?v=SiO4FzsD0Ss	2018-09-03T14:45:41Z	INCÊNDIO NO MUSEU NACIONAL - EDUARDO BUENO	https://i.ytimg.com/vi/SiO4FzsD0Ss/mqdefault.jpg
pnCzKfeBt6c	https://www.youtube.com/watch?v=pnCzKfeBt6c	2018-08-31T21:22:42Z	TRAFICANTES DE HOMENS - EDUARDO BUENO	https://i.ytimg.com/vi/pnCzKfeBt6c/mqdefault.jpg
CSk1dkMjmjk	https://www.youtube.com/watch?v=CSk1dkMjmjk	2018-08-29T14:00:01Z	OS MISTÉRIOS DO PADRE CÍCERO | EDUARDO BUENO	https://i.ytimg.com/vi/CSk1dkMjmjk/mqdefault.jpg
1yY_tlL0KT8	https://www.youtube.com/watch?v=1yY_tlL0KT8	2018-08-24T16:27:21Z	A URSAL - EDUARDO BUENO	https://i.ytimg.com/vi/1yY_tlL0KT8/mqdefault.jpg
adQ4jgAh4nw	https://www.youtube.com/watch?v=adQ4jgAh4nw	2018-08-22T14:00:00Z	O CAMINHO DO PEABIRU - EDUARDO BUENO	https://i.ytimg.com/vi/adQ4jgAh4nw/mqdefault.jpg
sBTknWiGwzs	https://www.youtube.com/watch?v=sBTknWiGwzs	2018-08-17T21:12:00Z	INDOLÊNCIA E A MALANDRAGEM – EDUARDO BUENO	https://i.ytimg.com/vi/sBTknWiGwzs/mqdefault.jpg
LzDTiXbBvdg	https://www.youtube.com/watch?v=LzDTiXbBvdg	2018-08-14T14:25:43Z	COM O SENAC VOCÊ APRENDE EM TODO O LUGAR - EDUARDO BUENO	https://i.ytimg.com/vi/LzDTiXbBvdg/mqdefault.jpg
VHo2XvonbyI	https://www.youtube.com/watch?v=VHo2XvonbyI	2018-08-10T15:27:31Z	MULAS E JUMENTOS | EDUARDO BUENO	https://i.ytimg.com/vi/VHo2XvonbyI/mqdefault.jpg
tegPsBb_8qQ	https://www.youtube.com/watch?v=tegPsBb_8qQ	2018-08-15T14:00:07Z	JOÃO GOULART - EDUARDO BUENO	https://i.ytimg.com/vi/tegPsBb_8qQ/mqdefault.jpg
E-yvAU1cJTo	https://www.youtube.com/watch?v=E-yvAU1cJTo	2018-08-08T14:00:02Z	O COMUNISMO NO BRASIL | EDUARDO BUENO	https://i.ytimg.com/vi/E-yvAU1cJTo/mqdefault.jpg
TS15ml5Tr2Y	https://www.youtube.com/watch?v=TS15ml5Tr2Y	2018-08-03T19:46:23Z	TARSILA DO AMARAL | EDUARDO BUENO	https://i.ytimg.com/vi/TS15ml5Tr2Y/mqdefault.jpg
91lvxk2fyWY	https://www.youtube.com/watch?v=91lvxk2fyWY	2018-08-01T14:00:00Z	A BALAIADA | EDUARDO BUENO	https://i.ytimg.com/vi/91lvxk2fyWY/mqdefault.jpg
L6zr-i3KLgM	https://www.youtube.com/watch?v=L6zr-i3KLgM	2018-07-27T14:00:03Z	TRILHAS INDÍGENAS | EDUARDO BUENO	https://i.ytimg.com/vi/L6zr-i3KLgM/mqdefault.jpg
KVSR1N0GQk8	https://www.youtube.com/watch?v=KVSR1N0GQk8	2018-07-25T14:00:03Z	CABANAGEM | EDUARDO BUENO	https://i.ytimg.com/vi/KVSR1N0GQk8/mqdefault.jpg
glaxSjFAm5o	https://www.youtube.com/watch?v=glaxSjFAm5o	2018-07-20T21:25:55Z	GENERAL ERNESTO GEISEL | ORA PÍLULAS, COM EDUARDO BUENO	https://i.ytimg.com/vi/glaxSjFAm5o/mqdefault.jpg
DAcuafugGws	https://www.youtube.com/watch?v=DAcuafugGws	2018-07-18T14:00:03Z	JÂNIO QUADROS | EDUARDO BUENO	https://i.ytimg.com/vi/DAcuafugGws/mqdefault.jpg
l_OzAJHogLk	https://www.youtube.com/watch?v=l_OzAJHogLk	2018-07-13T14:00:05Z	POR QUE O BRASILEIRO TOMA TANTO BANHO? - EDUARDO BUENO	https://i.ytimg.com/vi/l_OzAJHogLk/mqdefault.jpg
tZu7asxCSeo	https://www.youtube.com/watch?v=tZu7asxCSeo	2018-07-11T14:00:04Z	RÚSSIA: UMA NAÇÃO DE MULHERES | EDUARDO BUENO	https://i.ytimg.com/vi/tZu7asxCSeo/mqdefault.jpg
S70ccOSPmZk	https://www.youtube.com/watch?v=S70ccOSPmZk	2018-07-06T14:06:14Z	O JUDICIÁRIO BRASILEIRO JÁ FOI PIOR | ORA PÍLULAS, COM EDUARDO BUENO	https://i.ytimg.com/vi/S70ccOSPmZk/mqdefault.jpg
M07SpbQTncY	https://www.youtube.com/watch?v=M07SpbQTncY	2018-07-09T14:00:04Z	RUSSIA: LOJA PRINCIPAL UNIVERSAL - EDUARDO BUENO	https://i.ytimg.com/vi/M07SpbQTncY/mqdefault.jpg
VbsVWXti8xA	https://www.youtube.com/watch?v=VbsVWXti8xA	2018-07-04T14:00:06Z	RÚSSIA - CATEDRAL DE SÃO BASILIO - EDUARDO BUENO	https://i.ytimg.com/vi/VbsVWXti8xA/mqdefault.jpg
bi6J_t2JFV0	https://www.youtube.com/watch?v=bi6J_t2JFV0	2018-06-29T21:20:46Z	O BRASIL NO MUNDIAL | ORA PÍLULAS, COM EDUARDO BUENO	https://i.ytimg.com/vi/bi6J_t2JFV0/mqdefault.jpg
11_T9UKbfCg	https://www.youtube.com/watch?v=11_T9UKbfCg	2018-06-27T15:14:00Z	RUSSIA: PRAÇA VERMELHA | EDUARDO BUENO	https://i.ytimg.com/vi/11_T9UKbfCg/mqdefault.jpg
cuRVuAS_lgw	https://www.youtube.com/watch?v=cuRVuAS_lgw	2018-06-22T14:00:06Z	CONHEÇA SILVA JARDIM | ORA PÍLULAS, COM EDUARDO BUENO	https://i.ytimg.com/vi/cuRVuAS_lgw/mqdefault.jpg
JsrlSnJXY5I	https://www.youtube.com/watch?v=JsrlSnJXY5I	2018-06-20T15:06:22Z	A REVOLUÇÃO DE 1932 | EDUARDO BUENO	https://i.ytimg.com/vi/JsrlSnJXY5I/mqdefault.jpg
-gss7HjioHA	https://www.youtube.com/watch?v=-gss7HjioHA	2018-06-15T14:38:15Z	O ACRE EXISTE? | ORA PÍLULAS, COM EDUARDO BUENO	https://i.ytimg.com/vi/-gss7HjioHA/mqdefault.jpg
9OD_MHW2beA	https://www.youtube.com/watch?v=9OD_MHW2beA	2018-06-13T17:12:51Z	O BRASIL NA PRIMEIRA GUERRA MUNDIAL - EDUARDO BUENO	https://i.ytimg.com/vi/9OD_MHW2beA/mqdefault.jpg
-EN2zc2HcFg	https://www.youtube.com/watch?v=-EN2zc2HcFg	2018-06-08T14:00:00Z	A ORIGEM DO NOME ESTADO NOVO | ORA PÍLULAS, COM EDUARDO BUENO	https://i.ytimg.com/vi/-EN2zc2HcFg/mqdefault.jpg
Lx7kuLMjrSg	https://www.youtube.com/watch?v=Lx7kuLMjrSg	2018-06-06T14:00:03Z	LUÍS DA GAMA E ANTONIO BENTO, OS HERÓIS DA ABOLIÇÃO | EDUARDO BUENO	https://i.ytimg.com/vi/Lx7kuLMjrSg/mqdefault.jpg
y_JnWDs6DDo	https://www.youtube.com/watch?v=y_JnWDs6DDo	2018-06-01T18:58:02Z	ENGARRAFAMENTO DE BALEIAS | ORA PÍLULAS	https://i.ytimg.com/vi/y_JnWDs6DDo/mqdefault.jpg
JohrPtuL60Y	https://www.youtube.com/watch?v=JohrPtuL60Y	2018-05-30T14:00:01Z	ROBINSON CRUSOÉ - EDUARDO BUENO	https://i.ytimg.com/vi/JohrPtuL60Y/mqdefault.jpg
DuUH4sWYfk4	https://www.youtube.com/watch?v=DuUH4sWYfk4	2018-05-23T14:00:00Z	LAMPIÃO, O REI DO CANGAÇO | EDUARDO BUENO	https://i.ytimg.com/vi/DuUH4sWYfk4/mqdefault.jpg
BEW4UqvXHsw	https://www.youtube.com/watch?v=BEW4UqvXHsw	2018-05-16T14:00:00Z	MISSÃO FRANCESA - EDUARDO BUENO	https://i.ytimg.com/vi/BEW4UqvXHsw/mqdefault.jpg
W3i22-uS2N4	https://www.youtube.com/watch?v=W3i22-uS2N4	2018-05-09T14:00:03Z	A PRÉ-HISTÓRIA DE BRASÍLIA - EDUARDO BUENO	https://i.ytimg.com/vi/W3i22-uS2N4/mqdefault.jpg
x56knd_eXKM	https://www.youtube.com/watch?v=x56knd_eXKM	2018-05-11T14:00:10Z	TIGRES BRASILEIROS - ORA, PÍLULAS, COM EDUARDO BUENO	https://i.ytimg.com/vi/x56knd_eXKM/mqdefault.jpg
3351Eq89XPk	https://www.youtube.com/watch?v=3351Eq89XPk	2018-05-18T14:00:00Z	A PRIMEIRA LÍNGUA - ORA, PÍLULAS, com EDUARDO BUENO	https://i.ytimg.com/vi/3351Eq89XPk/mqdefault.jpg
SCUjjvyv9QA	https://www.youtube.com/watch?v=SCUjjvyv9QA	2018-05-25T14:00:04Z	DITADURA MILITAR NO BRASIL - ORA PÍLULAS	https://i.ytimg.com/vi/SCUjjvyv9QA/mqdefault.jpg
cO9mGBrotmo	https://www.youtube.com/watch?v=cO9mGBrotmo	2018-05-04T14:00:04Z	A HISTÓRIA SEMPRE SE REPETE | ORA, PÍLULAS, COM EDUARDO BUENO	https://i.ytimg.com/vi/cO9mGBrotmo/mqdefault.jpg
N6qpCi_DpQI	https://www.youtube.com/watch?v=N6qpCi_DpQI	2018-05-02T14:10:58Z	O NASCIMENTO DE SÃO PAULO - EDUARDO BUENO	https://i.ytimg.com/vi/N6qpCi_DpQI/mqdefault.jpg
J9WjZ2blNCo	https://www.youtube.com/watch?v=J9WjZ2blNCo	2018-04-27T14:00:04Z	SUA HISTÓRIA | ORA, PÍLULAS, COM EDUARDO BUENO	https://i.ytimg.com/vi/J9WjZ2blNCo/mqdefault.jpg
UIPJvq-WToo	https://www.youtube.com/watch?v=UIPJvq-WToo	2018-04-25T14:00:02Z	A FUNDAÇÃO DE PORTO ALEGRE | EDUARDO BUENO	https://i.ytimg.com/vi/UIPJvq-WToo/mqdefault.jpg
G91AtX6i7hE	https://www.youtube.com/watch?v=G91AtX6i7hE	2018-04-18T14:00:01Z	O CICLO DA BORRACHA | EDUARDO BUENO	https://i.ytimg.com/vi/G91AtX6i7hE/mqdefault.jpg
_-3t_eNzY3s	https://www.youtube.com/watch?v=_-3t_eNzY3s	2018-04-11T13:58:38Z	AS INCRÍVEIS AMAZONAS | EDUARDO BUENO	https://i.ytimg.com/vi/_-3t_eNzY3s/mqdefault.jpg
wTyT2f3r8cA	https://www.youtube.com/watch?v=wTyT2f3r8cA	2018-04-14T23:00:04Z	ESPECIAL: BRASIL DO CASSETA – PAÍS DA PIADA PRONTA	https://i.ytimg.com/vi/wTyT2f3r8cA/mqdefault.jpg
4yNxKXZZb38	https://www.youtube.com/watch?v=4yNxKXZZb38	2018-04-12T13:00:00Z	ESPECIAL: BRASIL DO CASSETA – FAMÍLIA REAL	https://i.ytimg.com/vi/4yNxKXZZb38/mqdefault.jpg
ESBYLW6hxKs	https://www.youtube.com/watch?v=ESBYLW6hxKs	2018-04-10T13:00:01Z	ESPECIAL: BRASIL DO CASSETA - ESCRAVIDÃO	https://i.ytimg.com/vi/ESBYLW6hxKs/mqdefault.jpg
WQs31evR5Ls	https://www.youtube.com/watch?v=WQs31evR5Ls	2018-04-08T23:00:05Z	ESPECIAL: BRASIL DO CASSETA - O GOLPE DE 1964 -	https://i.ytimg.com/vi/WQs31evR5Ls/mqdefault.jpg
_i_jcWxzB3M	https://www.youtube.com/watch?v=_i_jcWxzB3M	2018-04-06T23:00:01Z	ESPECIAL: BRASIL DO CASSETA - CAPITANIAS HEREDITÁRIAS	https://i.ytimg.com/vi/_i_jcWxzB3M/mqdefault.jpg
d9C3FrFCb-k	https://www.youtube.com/watch?v=d9C3FrFCb-k	2018-04-04T14:00:04Z	BARÃO DE MAUÁ parte II. O PRIMEIRO BANQUEIRO DO BRASIL  | EDUARDO BUENO	https://i.ytimg.com/vi/d9C3FrFCb-k/mqdefault.jpg
o3dzPvYiRp0	https://www.youtube.com/watch?v=o3dzPvYiRp0	2018-03-28T14:00:05Z	O ESTADO NOVO E GETULIO VARGAS  | EDUARDO BUENO	https://i.ytimg.com/vi/o3dzPvYiRp0/mqdefault.jpg
P8tqy1olcic	https://www.youtube.com/watch?v=P8tqy1olcic	2018-03-21T14:02:25Z	A AÇÃO INTEGRALISTA BRASILEIRA | EDUARDO BUENO	https://i.ytimg.com/vi/P8tqy1olcic/mqdefault.jpg
AACJ1LKziko	https://www.youtube.com/watch?v=AACJ1LKziko	2018-03-14T14:00:01Z	A INTENTONA COMUNISTA | EDUARDO BUENO	https://i.ytimg.com/vi/AACJ1LKziko/mqdefault.jpg
zBdG9N4E_EM	https://www.youtube.com/watch?v=zBdG9N4E_EM	2018-03-07T14:00:04Z	BAILE DA ILHA FISCAL - QUANDO A MONARQUIA DANÇOU | EDUARDO BUENO	https://i.ytimg.com/vi/zBdG9N4E_EM/mqdefault.jpg
XzToQ9iv7fQ	https://www.youtube.com/watch?v=XzToQ9iv7fQ	2018-02-28T14:00:02Z	BARÃO DE MAUÁ - O VISIONÁRIO QUE PODERIA TER MUDADO O BRASIL | EDUARDO BUENO	https://i.ytimg.com/vi/XzToQ9iv7fQ/mqdefault.jpg
eQd1J1uG9tc	https://www.youtube.com/watch?v=eQd1J1uG9tc	2018-02-21T14:00:03Z	ZUMBI DOS PALMARES - A LUTA PELA LIBERDADE | EDUARDO BUENO	https://i.ytimg.com/vi/eQd1J1uG9tc/mqdefault.jpg
n7sz5MRGifI	https://www.youtube.com/watch?v=n7sz5MRGifI	2018-02-14T13:00:06Z	TIA CIATA E A PRAÇA ONZE: COMO SURGIRAM AS ESCOLAS DE SAMBA - EDUARDO BUENO	https://i.ytimg.com/vi/n7sz5MRGifI/mqdefault.jpg
L3BLXaOhreo	https://www.youtube.com/watch?v=L3BLXaOhreo	2018-02-06T14:00:08Z	LIVROS À MÃO CHEIA: TAG - EXPERIÊNCIAS LITERÁRIAS	https://i.ytimg.com/vi/L3BLXaOhreo/mqdefault.jpg
TGkSy121u2I	https://www.youtube.com/watch?v=TGkSy121u2I	2018-02-07T13:00:02Z	A HISTÓRIA DA AVENIDA PRESIDENTE VARGAS | EDUARDO BUENO	https://i.ytimg.com/vi/TGkSy121u2I/mqdefault.jpg
_UDYnnQSDzk	https://www.youtube.com/watch?v=_UDYnnQSDzk	2018-01-31T13:00:03Z	A HISTÓRIA DA AVENIDA RIO BRANCO | EDUARDO BUENO	https://i.ytimg.com/vi/_UDYnnQSDzk/mqdefault.jpg
9fx9p-tvD0s	https://www.youtube.com/watch?v=9fx9p-tvD0s	2018-01-24T13:00:00Z	A HISTÓRIA DA PRIMEIRA FAVELA DO BRASIL | EDUARDO BUENO	https://i.ytimg.com/vi/9fx9p-tvD0s/mqdefault.jpg
f4DT0-gvs6c	https://www.youtube.com/watch?v=f4DT0-gvs6c	2018-01-17T13:00:05Z	GUERRA DE CANUDOS | EDUARDO BUENO	https://i.ytimg.com/vi/f4DT0-gvs6c/mqdefault.jpg
a4NRoFCtFFM	https://www.youtube.com/watch?v=a4NRoFCtFFM	2018-01-10T13:07:58Z	A GUERRA DO PARAGUAI | EDUARDO BUENO	https://i.ytimg.com/vi/a4NRoFCtFFM/mqdefault.jpg
ToRMqivsS3w	https://www.youtube.com/watch?v=ToRMqivsS3w	2018-01-03T13:00:06Z	A REVOLTA DA VACINA | EDUARDO BUENO	https://i.ytimg.com/vi/ToRMqivsS3w/mqdefault.jpg
zvJqiqCK0g8	https://www.youtube.com/watch?v=zvJqiqCK0g8	2017-12-27T13:00:10Z	CALABAR: TRAÍDO OU TRAIDOR? | EDUARDO BUENO	https://i.ytimg.com/vi/zvJqiqCK0g8/mqdefault.jpg
LGzyJCT27QE	https://www.youtube.com/watch?v=LGzyJCT27QE	2017-12-20T13:00:05Z	A FARRA DO BOI | EDUARDO BUENO	https://i.ytimg.com/vi/LGzyJCT27QE/mqdefault.jpg
wgPxYk87mWo	https://www.youtube.com/watch?v=wgPxYk87mWo	2017-12-13T13:00:09Z	A DITADURA MILITAR NO BRASIL | EDUARDO BUENO	https://i.ytimg.com/vi/wgPxYk87mWo/mqdefault.jpg
wDqxAtqnuiM	https://www.youtube.com/watch?v=wDqxAtqnuiM	2017-12-06T13:00:06Z	A GUERRA DO CONTESTADO | EDUARDO BUENO	https://i.ytimg.com/vi/wDqxAtqnuiM/mqdefault.jpg
q5OloACSkp8	https://www.youtube.com/watch?v=q5OloACSkp8	2017-11-29T13:00:09Z	JERÔNIMO MENDONÇA FURTADO, O GOVERNADOR FALSIFICADO | EDUARDO BUENO	https://i.ytimg.com/vi/q5OloACSkp8/mqdefault.jpg
5Sv6HrN-Rt4	https://www.youtube.com/watch?v=5Sv6HrN-Rt4	2017-11-22T13:00:00Z	A REVOLTA DA CHIBATA | EDUARDO BUENO	https://i.ytimg.com/vi/5Sv6HrN-Rt4/mqdefault.jpg
4oFIlobZtao	https://www.youtube.com/watch?v=4oFIlobZtao	2017-11-15T13:00:00Z	A COROA, A CRUZ E A ESPADA | EDUARDO BUENO	https://i.ytimg.com/vi/4oFIlobZtao/mqdefault.jpg
BODMrUOcbtg	https://www.youtube.com/watch?v=BODMrUOcbtg	2017-11-08T13:00:00Z	CAPITÃES DO BRASIL | EDUARDO BUENO	https://i.ytimg.com/vi/BODMrUOcbtg/mqdefault.jpg
83kTAc7_kow	https://www.youtube.com/watch?v=83kTAc7_kow	2017-11-01T13:00:00Z	A DESCOBERTA DE AMÉRICO | EDUARDO BUENO	https://i.ytimg.com/vi/83kTAc7_kow/mqdefault.jpg
p1oIEypn_DU	https://www.youtube.com/watch?v=p1oIEypn_DU	2017-10-25T13:00:05Z	O PÓ PRETO QUE VICIA | EDUARDO BUENO	https://i.ytimg.com/vi/p1oIEypn_DU/mqdefault.jpg
G8pd0et98e0	https://www.youtube.com/watch?v=G8pd0et98e0	2017-10-18T13:00:01Z	OS EUA E A ESCRAVIDÃO NO BRASIL | EDUARDO BUENO	https://i.ytimg.com/vi/G8pd0et98e0/mqdefault.jpg
dKXwQHCDV4Q	https://www.youtube.com/watch?v=dKXwQHCDV4Q	2017-10-11T14:00:06Z	A HISTÓRIA POR TRÁS DE TIRADENTES | EDUARDO BUENO	https://i.ytimg.com/vi/dKXwQHCDV4Q/mqdefault.jpg
6KmYdLMLNyE	https://www.youtube.com/watch?v=6KmYdLMLNyE	2017-10-04T14:00:01Z	NÁUFRAGOS, TRAFICANTES E DEGREDADOS | EDUARDO BUENO	https://i.ytimg.com/vi/6KmYdLMLNyE/mqdefault.jpg
66y2X_OQZr0	https://www.youtube.com/watch?v=66y2X_OQZr0	2017-09-27T14:00:00Z	O GOLPE DA MAIORIDADE | EDUARDO BUENO	https://i.ytimg.com/vi/66y2X_OQZr0/mqdefault.jpg
wACE9W5gffs	https://www.youtube.com/watch?v=wACE9W5gffs	2017-09-20T14:00:04Z	A IMPERATRIZ INFELIZ | EDUARDO BUENO	https://i.ytimg.com/vi/wACE9W5gffs/mqdefault.jpg
rd7gK87xHZI	https://www.youtube.com/watch?v=rd7gK87xHZI	2017-09-13T14:00:07Z	CHALAÇA, O AMIGO DO REI | EDUARDO BUENO	https://i.ytimg.com/vi/rd7gK87xHZI/mqdefault.jpg
8I_5MH611P0	https://www.youtube.com/watch?v=8I_5MH611P0	2017-09-06T14:00:01Z	DOM PEDRO PRIMEIRO | EDUARDO BUENO	https://i.ytimg.com/vi/8I_5MH611P0/mqdefault.jpg
vphtdI55P9c	https://www.youtube.com/watch?v=vphtdI55P9c	2017-08-30T14:00:05Z	MARQUESA DE SANTOS: A PRIMEIRA AMANTE | EDUARDO BUENO	https://i.ytimg.com/vi/vphtdI55P9c/mqdefault.jpg
qJcod5omOcY	https://www.youtube.com/watch?v=qJcod5omOcY	2017-08-23T14:02:52Z	O SUICÍDIO DE GETÚLIO VARGAS | EDUARDO BUENO	https://i.ytimg.com/vi/qJcod5omOcY/mqdefault.jpg
XPnOYnxU7lw	https://www.youtube.com/watch?v=XPnOYnxU7lw	2017-08-16T14:01:40Z	O PAU QUE NOS TORNOU BRASILEIROS | EDUARDO BUENO	https://i.ytimg.com/vi/XPnOYnxU7lw/mqdefault.jpg
YdJMdqznnh0	https://www.youtube.com/watch?v=YdJMdqznnh0	2017-08-09T14:00:02Z	O SENADOR QUE ESCAPOU DA PRISÃO! | EDUARDO BUENO	https://i.ytimg.com/vi/YdJMdqznnh0/mqdefault.jpg
d23pI1RTdXA	https://www.youtube.com/watch?v=d23pI1RTdXA	2017-08-02T13:52:01Z	GUERRA CIVIL NO BRASIL | EDUARDO BUENO	https://i.ytimg.com/vi/d23pI1RTdXA/mqdefault.jpg
JvsXMSgZxSw	https://www.youtube.com/watch?v=JvsXMSgZxSw	2017-07-26T14:01:54Z	AS CARTAS FALSAS QUE ABALARAM A REPÚBLICA | EDUARDO BUENO	https://i.ytimg.com/vi/JvsXMSgZxSw/mqdefault.jpg
vdyTwlE2-9A	https://www.youtube.com/watch?v=vdyTwlE2-9A	2017-07-19T14:00:03Z	NAIR DE TEFFÉ: BELA, AVANÇADA E DO BAR | EDUARDO BUENO	https://i.ytimg.com/vi/vdyTwlE2-9A/mqdefault.jpg
Amcvo-eUcrQ	https://www.youtube.com/watch?v=Amcvo-eUcrQ	2017-07-12T14:00:02Z	VICE-PRESIDENTE GOLPISTA! | EDUARDO BUENO	https://i.ytimg.com/vi/Amcvo-eUcrQ/mqdefault.jpg
zjhZyNmYXvE	https://www.youtube.com/watch?v=zjhZyNmYXvE	2017-07-05T14:14:30Z	A INDEPENDÊNCIA NA BAHIA | EDUARDO BUENO	https://i.ytimg.com/vi/zjhZyNmYXvE/mqdefault.jpg
7LylVzWsSK4	https://www.youtube.com/watch?v=7LylVzWsSK4	2017-06-28T18:15:41Z	A HISTÓRIA POR TRÁS DA FAMILIA REAL | EDUARDO BUENO	https://i.ytimg.com/vi/7LylVzWsSK4/mqdefault.jpg
YecTflR59u4	https://www.youtube.com/watch?v=YecTflR59u4	2017-06-21T14:13:08Z	CAPITANIAS HEREDITÁRIAS | EDUARDO BUENO	https://i.ytimg.com/vi/YecTflR59u4/mqdefault.jpg
rHgpCYjKekc	https://www.youtube.com/watch?v=rHgpCYjKekc	2017-06-14T14:00:06Z	BANDEIRANTES | EDUARDO BUENO	https://i.ytimg.com/vi/rHgpCYjKekc/mqdefault.jpg
0K1Pd83TQIk	https://www.youtube.com/watch?v=0K1Pd83TQIk	2017-06-07T15:46:50Z	INDEPENDÊNCIA DO BRASIL - EDUARDO BUENO	https://i.ytimg.com/vi/0K1Pd83TQIk/mqdefault.jpg
wrdZ6x2X-PY	https://www.youtube.com/watch?v=wrdZ6x2X-PY	2017-05-31T19:21:49Z	REVOLUÇÃO FARROUPILHA | EDUARDO BUENO	https://i.ytimg.com/vi/wrdZ6x2X-PY/mqdefault.jpg
jO53X99cE6Y	https://www.youtube.com/watch?v=jO53X99cE6Y	2017-05-24T14:00:03Z	A CONSTRUÇÃO DA CAPITAL DO BRASIL | EDUARDO BUENO	https://i.ytimg.com/vi/jO53X99cE6Y/mqdefault.jpg
8JcbiCwfO1E	https://www.youtube.com/watch?v=8JcbiCwfO1E	2017-05-17T14:02:06Z	PROCLAMAÇÃO DA REPÚBLICA | EDUARDO BUENO	https://i.ytimg.com/vi/8JcbiCwfO1E/mqdefault.jpg
byB2s3BM7Y8	https://www.youtube.com/watch?v=byB2s3BM7Y8	2017-05-10T13:58:15Z	O DESCOBRIMENTO DO BRASIL | EDUARDO BUENO	https://i.ytimg.com/vi/byB2s3BM7Y8/mqdefault.jpg
